ds,y,onpromotion
2013-01-01,0.0,0
2013-01-02,8.911684709319907,0
2013-01-03,8.67833265005144,0
2013-01-04,8.686240196754651,0
2013-01-05,8.751440469157235,0
2013-01-06,7.696252184019052,0
2013-01-07,8.72452015740306,0
2013-01-08,8.630197002528762,0
2013-01-09,8.826085574912362,0
2013-01-10,8.467732952797057,0
2013-01-11,8.611596774931764,0
2013-01-12,8.606811380716312,0
2013-01-13,7.8991082147860245,0
2013-01-14,8.639885934266644,0
2013-01-15,8.557408409885133,0
2013-01-16,8.815013102190067,0
2013-01-17,8.50582360189178,0
2013-01-18,8.68678810714026,0
2013-01-19,8.682054196113468,0
2013-01-20,7.771545248825641,0
2013-01-21,8.5618992211367,0
2013-01-22,8.575459458027291,0
2013-01-23,8.741990734132223,0
2013-01-24,8.48931292364717,0
2013-01-25,8.626711232575307,0
2013-01-26,8.57382434594609,0
2013-01-27,7.7999082243214755,0
2013-01-28,8.512744912476997,0
2013-01-29,8.451589783594715,0
2013-01-30,8.719298911283621,0
2013-01-31,8.458202346758782,0
2013-02-01,8.662812554256618,0
2013-02-02,8.64960978963832,0
2013-02-03,7.727086992464423,0
2013-02-04,8.626054950561366,0
2013-02-05,8.533418053587738,0
2013-02-06,8.717425390916722,0
2013-02-07,8.40138787266288,0
2013-02-08,8.629595018751637,0
2013-02-09,8.397637285153058,0
2013-02-10,7.0901893294484415,0
2013-02-11,7.2047067559549065,0
2013-02-12,7.524569326630318,0
2013-02-13,8.719762537844822,0
2013-02-14,8.517230790509382,0
2013-02-15,8.592075774053209,0
2013-02-16,8.635222418987127,0
2013-02-17,7.466273899535206,0
2013-02-18,8.583875479292981,0
2013-02-19,8.562303832531097,0
2013-02-20,8.703684376548626,0
2013-02-21,8.58049300817622,0
2013-02-22,8.662593123805785,0
2013-02-23,8.599323997739743,0
2013-02-24,7.739233813896602,0
2013-02-25,8.581908256469015,0
2013-02-26,8.457714695796176,0
2013-02-27,8.708795382424373,0
2013-02-28,8.519329310288931,0
2013-03-01,8.689726330914983,0
2013-03-02,8.668792103795345,0
2013-03-03,7.798862347720333,0
2013-03-04,8.715304760396679,0
2013-03-05,8.511101476540095,0
2013-03-06,8.83149840203805,0
2013-03-07,8.55642755832246,0
2013-03-08,8.701458856872373,0
2013-03-09,8.642328863404686,0
2013-03-10,7.86419091220069,0
2013-03-11,8.613575156653303,0
2013-03-12,8.51038708231309,0
2013-03-13,8.712558640549064,0
2013-03-14,8.424677383714995,0
2013-03-15,8.637546787017305,0
2013-03-16,8.665695779331354,0
2013-03-17,7.722947952672401,0
2013-03-18,8.549146212605477,0
2013-03-19,8.505778695215938,0
2013-03-20,8.731807996147376,0
2013-03-21,8.536644580564932,0
2013-03-22,8.664935208131617,0
2013-03-23,8.616059948186942,0
2013-03-24,7.629431605656056,0
2013-03-25,8.563009985212238,0
2013-03-26,8.479133212350426,0
2013-03-27,8.76224773409955,0
2013-03-28,8.646062282383506,0
2013-03-29,7.602266029457928,0
2013-03-30,8.378926031297224,0
2013-03-31,7.6223551952484705,0
2013-04-01,8.723537380316193,0
2013-04-02,8.661325569335776,0
2013-04-03,8.8644574130869,0
2013-04-04,8.496479741446993,0
2013-04-05,8.749245263761438,0
2013-04-06,8.629644348951201,0
2013-04-07,7.768423358096072,0
2013-04-08,8.5902912251824,0
2013-04-09,8.47727390683074,0
2013-04-10,8.830029282189514,0
2013-04-11,8.455840842370563,0
2013-04-12,8.734452263090642,0
2013-04-13,8.61158513158574,0
2013-04-14,7.701164453398785,0
2013-04-15,8.605855504860006,0
2013-04-16,8.588361561455914,0
2013-04-17,8.733633204138222,0
2013-04-18,8.518323151970286,0
2013-04-19,8.583149269844547,0
2013-04-20,8.658791880721134,0
2013-04-21,7.803957582722943,0
2013-04-22,8.613552093845978,0
2013-04-23,8.53429472305543,0
2013-04-24,8.869707070118306,0
2013-04-25,8.460318667111135,0
2013-04-26,8.75108770348899,0
2013-04-27,8.582070215880092,0
2013-04-28,7.79496317532462,0
2013-04-29,8.4095315858361,0
2013-04-30,8.608692117611566,0
2013-05-01,7.893172741916985,0
2013-05-02,8.63930940306834,0
2013-05-03,8.861088239680582,0
2013-05-04,8.66542990042646,0
2013-05-05,7.910188477118978,0
2013-05-06,8.668185574785964,0
2013-05-07,8.628369383198898,0
2013-05-08,8.75659175148639,0
2013-05-09,8.527215202868607,0
2013-05-10,8.721992552198158,0
2013-05-11,8.74677596635935,0
2013-05-12,7.552527534149095,0
2013-05-13,8.637393569611081,0
2013-05-14,8.617830069141911,0
2013-05-15,8.683171590044264,0
2013-05-16,8.605264323333863,0
2013-05-17,8.703183676122032,0
2013-05-18,8.645109247507659,0
2013-05-19,7.6197889859734245,0
2013-05-20,8.560743173592282,0
2013-05-21,8.50390002751725,0
2013-05-22,8.682343665361671,0
2013-05-23,8.599162964183465,0
2013-05-24,7.694492524432993,0
2013-05-25,8.356267816007016,0
2013-05-26,7.391897855556445,0
2013-05-27,8.5554728850264,0
2013-05-28,8.54374884717076,0
2013-05-29,8.807856764773632,0
2013-05-30,8.507194369387392,0
2013-05-31,8.725342975908173,0
2013-06-01,8.729317048311817,0
2013-06-02,7.456229226498715,0
2013-06-03,8.748803994166794,0
2013-06-04,8.681790429733297,0
2013-06-05,8.890531723371371,0
2013-06-06,8.624545482352078,0
2013-06-07,8.810699917589409,0
2013-06-08,8.61953766338343,0
2013-06-09,7.754759810638388,0
2013-06-10,8.649029723575849,0
2013-06-11,8.588423398200966,0
2013-06-12,8.732481650514977,0
2013-06-13,8.463398455240748,0
2013-06-14,8.709127233221002,0
2013-06-15,8.604046991157892,0
2013-06-16,7.592907585536348,0
2013-06-17,8.693771792295525,0
2013-06-18,8.536526100568983,0
2013-06-19,8.817133029850934,0
2013-06-20,8.46101175899801,0
2013-06-21,8.632205458703426,0
2013-06-22,8.567630949937323,0
2013-06-23,7.7002798117217655,0
2013-06-24,8.561490037640327,0
2013-06-25,8.64806477488247,0
2013-06-26,8.693445366721255,0
2013-06-27,8.481318936619916,0
2013-06-28,8.707059712579905,0
2013-06-29,8.617262751019487,0
2013-06-30,7.6757784581165645,0
2013-07-01,8.672233475428328,0
2013-07-02,8.663665093316494,0
2013-07-03,8.805736842602442,0
2013-07-04,8.54235125469202,0
2013-07-05,8.699458746642133,0
2013-07-06,8.548357306395271,0
2013-07-07,7.722344571716488,0
2013-07-08,8.6633604885058,0
2013-07-09,8.571283191374444,0
2013-07-10,8.72316421512463,0
2013-07-11,8.503140513431857,0
2013-07-12,8.630875564168461,0
2013-07-13,8.544287016543004,0
2013-07-14,7.519138563139361,0
2013-07-15,8.578382737867992,0
2013-07-16,8.658263668590536,0
2013-07-17,8.673227241159868,0
2013-07-18,8.469012101723282,0
2013-07-19,8.73450312019378,0
2013-07-20,8.53407351391646,0
2013-07-21,7.553113543955954,0
2013-07-22,8.526866454186619,0
2013-07-23,8.638556122704069,0
2013-07-24,8.675305897754715,0
2013-07-25,8.539670082815709,0
2013-07-26,8.636941228525425,0
2013-07-27,8.518060215642082,0
2013-07-28,7.493402991288608,0
2013-07-29,8.660449023045652,0
2013-07-30,8.404807837032678,0
2013-07-31,8.699072983980075,0
2013-08-01,8.722233544186869,0
2013-08-02,8.615908295155018,0
2013-08-03,8.593408954901957,0
2013-08-04,7.51696363288607,0
2013-08-05,8.629681345003977,0
2013-08-06,8.54317784700823,0
2013-08-07,8.691716252165635,0
2013-08-08,8.463854438082087,0
2013-08-09,8.636124190133042,0
2013-08-10,8.17141551202563,0
2013-08-11,7.530288990041685,0
2013-08-12,8.617930617042516,0
2013-08-13,8.436987187077193,0
2013-08-14,8.648582265915111,0
2013-08-15,8.512261852325812,0
2013-08-16,8.65181166445468,0
2013-08-17,8.501265820788014,0
2013-08-18,7.519887612827805,0
2013-08-19,8.542523454322964,0
2013-08-20,8.446571135528796,0
2013-08-21,8.618460501325549,0
2013-08-22,8.427189487332656,0
2013-08-23,8.64456090217098,0
2013-08-24,8.437488726532159,0
2013-08-25,7.6402678718413215,0
2013-08-26,8.58014357713408,0
2013-08-27,8.54964314810418,0
2013-08-28,8.67679782848606,0
2013-08-29,8.445737575576636,0
2013-08-30,8.694568368352,0
2013-08-31,8.578087329850982,0
2013-09-01,7.865501148898879,0
2013-09-02,8.634178219860656,0
2013-09-03,8.60486921414661,0
2013-09-04,8.769006138304979,0
2013-09-05,8.551151818663078,0
2013-09-06,8.725282072521876,0
2013-09-07,8.608100054471542,0
2013-09-08,7.700636025369933,0
2013-09-09,8.583931603518302,0
2013-09-10,8.482666961911361,0
2013-09-11,8.716028312332645,0
2013-09-12,8.589537852707869,0
2013-09-13,8.684028111910845,0
2013-09-14,8.585337142672353,0
2013-09-15,7.846061483689128,0
2013-09-16,8.699707894556235,0
2013-09-17,8.51955819259498,0
2013-09-18,8.638313053669316,0
2013-09-19,8.530132711574337,0
2013-09-20,8.6344617801008,0
2013-09-21,8.625954677213265,0
2013-09-22,7.704004927728515,0
2013-09-23,8.610349963392222,0
2013-09-24,8.634706324341044,0
2013-09-25,8.732220857851914,0
2013-09-26,8.5653961355867,0
2013-09-27,8.721149030335342,0
2013-09-28,8.569753572710013,0
2013-09-29,7.899227321062295,0
2013-09-30,8.651340622749943,0
2013-10-01,8.786297154543597,0
2013-10-02,8.906482846072537,0
2013-10-03,8.600661904241635,0
2013-10-04,8.831416897671899,0
2013-10-05,8.622804319268205,0
2013-10-06,7.833763047171673,0
2013-10-07,8.659836715435565,0
2013-10-08,8.654055629942087,0
2013-10-09,8.716923497760202,0
2013-10-10,8.588712415651662,0
2013-10-11,8.346915544290326,0
2013-10-12,8.301332058804745,0
2013-10-13,7.753654018198485,0
2013-10-14,8.57284925507086,0
2013-10-15,8.598627545684915,0
2013-10-16,8.719650163263639,0
2013-10-17,8.64096094597441,0
2013-10-18,8.789698629149848,0
2013-10-19,8.65247747532877,0
2013-10-20,7.844362229771127,0
2013-10-21,8.679390099070543,0
2013-10-22,8.59973271790336,0
2013-10-23,8.768793732762896,0
2013-10-24,8.479034938484155,0
2013-10-25,8.742419372710332,0
2013-10-26,8.62334169652881,0
2013-10-27,7.892480063299629,0
2013-10-28,8.611623529728075,0
2013-10-29,8.655262571781325,0
2013-10-30,8.67368056863844,0
2013-10-31,8.544545288829978,0
2013-11-01,8.860230544706967,0
2013-11-02,8.545141960385445,0
2013-11-03,7.868906942262662,0
2013-11-04,8.6879820009964,0
2013-11-05,8.76056908223613,0
2013-11-06,8.794386801748189,0
2013-11-07,8.6261121684139,0
2013-11-08,8.930782012631623,0
2013-11-09,8.650375273038776,0
2013-11-10,7.933236861406345,0
2013-11-11,8.670757867576881,0
2013-11-12,8.563374240517556,0
2013-11-13,8.909072428094904,0
2013-11-14,8.671646511157702,0
2013-11-15,8.829150374682504,0
2013-11-16,8.66789731009782,0
2013-11-17,7.779108475771639,0
2013-11-18,8.763590667051318,0
2013-11-19,8.775869741384497,0
2013-11-20,8.867928651490548,0
2013-11-21,8.60923950514531,0
2013-11-22,8.844892054298452,0
2013-11-23,8.619643636924264,0
2013-11-24,7.753912776402582,0
2013-11-25,8.780946644360595,0
2013-11-26,8.685771913229285,0
2013-11-27,8.819992667920975,0
2013-11-28,8.596110281204206,0
2013-11-29,8.78282212106048,0
2013-11-30,8.707462415003684,0
2013-12-01,7.954237434789981,0
2013-12-02,8.808808966704001,0
2013-12-03,8.753718485845896,0
2013-12-04,9.122562701349475,0
2013-12-05,8.686302854237962,0
2013-12-06,8.037554495232444,0
2013-12-07,8.592049612726285,0
2013-12-08,7.798372447290797,0
2013-12-09,8.770765380147896,0
2013-12-10,8.921245966651691,0
2013-12-11,9.04630158219333,0
2013-12-12,8.983127426899262,0
2013-12-13,8.939937615226937,0
2013-12-14,8.876146258460887,0
2013-12-15,8.057743275308397,0
2013-12-16,8.942785841219724,0
2013-12-17,8.826704219127244,0
2013-12-18,9.146744129954174,0
2013-12-19,8.978658724635608,0
2013-12-20,9.297231392639947,0
2013-12-21,9.026545290077152,0
2013-12-22,8.603709545902444,0
2013-12-23,9.348177245202868,0
2013-12-24,9.0521703253055,0
2013-12-26,8.724629223023694,0
2013-12-27,8.914784583014386,0
2013-12-28,8.419236091607917,0
2013-12-29,7.506730229826891,0
2013-12-30,8.657892951294365,0
2013-12-31,8.437966633934842,0
2014-01-01,0.0,0
2014-01-02,9.395646221253,0
2014-01-03,9.367468164374175,0
2014-01-04,9.29326341979215,0
2014-01-05,8.441515094954534,0
2014-01-06,9.284332008791782,0
2014-01-07,9.167809105920785,0
2014-01-08,9.501031836661339,0
2014-01-09,9.192037898885797,0
2014-01-10,9.277022805789725,0
2014-01-11,9.22270065754439,0
2014-01-12,8.40707493117537,0
2014-01-13,9.267556367491608,0
2014-01-14,9.128414442152438,0
2014-01-15,9.468566509270419,0
2014-01-16,9.074500946577704,0
2014-01-17,9.3070577366858,0
2014-01-18,9.218808317510234,0
2014-01-19,8.43651878426259,0
2014-01-20,9.133815527692374,0
2014-01-21,9.274197880026973,0
2014-01-22,9.420925029493352,0
2014-01-23,9.122107342163432,0
2014-01-24,9.312977201125214,0
2014-01-25,9.069856983846607,0
2014-01-26,8.450408950536652,0
2014-01-27,9.174184248248096,0
2014-01-28,9.103718728097014,0
2014-01-29,9.421862066375585,0
2014-01-30,9.102625642886826,0
2014-01-31,9.267872197200532,0
2014-02-01,8.801370880683702,0
2014-02-02,7.820709646577526,0
2014-02-03,8.729441444016555,0
2014-02-04,8.649222531699742,0
2014-02-05,8.911149254480529,0
2014-02-06,8.645723072307138,0
2014-02-07,8.783991120343943,0
2014-02-08,8.71322450487843,0
2014-02-09,7.780935566247094,0
2014-02-10,8.669073409981635,0
2014-02-11,8.721952949980324,0
2014-02-12,8.922121621671936,0
2014-02-13,8.636323053028562,0
2014-02-14,8.862468000043032,0
2014-02-15,8.790336993497299,0
2014-02-16,7.927305597507511,0
2014-02-17,8.64565131172994,0
2014-02-18,8.78668262684169,0
2014-02-19,8.822312006429447,0
2014-02-20,8.636818617717083,0
2014-02-21,8.702681495435828,0
2014-02-22,8.73840736267319,0
2014-02-23,7.755789867918206,0
2014-02-24,8.722902933168868,0
2014-02-25,8.685718006025711,0
2014-02-26,8.707086675344508,0
2014-02-27,8.483413839170453,0
2014-02-28,8.807731969595949,0
2014-03-01,9.024530776642457,0
2014-03-02,7.758923212395297,0
2014-03-03,7.993422473633669,0
2014-03-04,8.258949784540043,0
2014-03-05,9.489782211773003,0
2014-03-06,9.270269702722027,0
2014-03-07,9.379078048372332,0
2014-03-08,9.20205302659585,0
2014-03-09,8.534100454717942,0
2014-03-10,9.208778452815276,0
2014-03-11,9.169204265627972,0
2014-03-12,9.5118172446414,0
2014-03-13,9.069655453789865,0
2014-03-14,9.217210150916673,0
2014-03-15,9.10838184077927,0
2014-03-16,8.597403761923097,0
2014-03-17,9.22238000386763,0
2014-03-18,9.18234997015144,0
2014-03-19,9.387953067799069,0
2014-03-20,9.059163349776657,0
2014-03-21,9.290025763512219,0
2014-03-22,9.219573019613776,0
2014-03-23,8.413008429844158,0
2014-03-24,9.125657481955427,0
2014-03-25,9.155790306377567,0
2014-03-26,9.39243823708635,0
2014-03-27,9.030943095304275,0
2014-03-28,9.237802884945665,0
2014-03-29,9.235941839725237,0
2014-03-30,8.423861810297776,0
2014-03-31,9.166463298994195,0
2014-04-01,8.85814125371179,0
2014-04-02,8.953535197097793,0
2014-04-03,8.618998956608433,0
2014-04-04,8.98180327661806,0
2014-04-05,8.793867199842298,0
2014-04-06,8.046270740182834,0
2014-04-07,8.816753039964999,0
2014-04-08,8.594276451009312,0
2014-04-09,8.866467276434626,0
2014-04-10,8.652514504427074,0
2014-04-11,8.795571331204519,0
2014-04-12,8.721714011083549,0
2014-04-13,7.809456901447015,0
2014-04-14,8.662038366159782,0
2014-04-15,8.68767409014714,0
2014-04-16,8.857059661105465,0
2014-04-17,8.62871345644512,0
2014-04-18,8.006101498590347,0
2014-04-19,8.37413311617529,0
2014-04-20,7.797284701627767,0
2014-04-21,8.732656126972087,0
2014-04-22,8.622288071796136,0
2014-04-23,9.039048840183561,0
2014-04-24,8.668039044887152,0
2014-04-25,8.869745772079282,0
2014-04-26,8.761785855394002,0
2014-04-27,7.77097429390712,0
2014-04-28,8.661952019840216,0
2014-04-29,8.679878547064412,0
2014-04-30,8.910724036658928,0
2014-05-01,7.851848319910179,0
2014-05-02,8.971249950023045,0
2014-05-03,8.860528962858853,0
2014-05-04,7.897242939564505,0
2014-05-05,8.490789255141438,0
2014-05-06,8.893588501620744,0
2014-05-07,8.908497712662335,0
2014-05-08,8.62113600260582,0
2014-05-09,8.935596821350538,0
2014-05-10,8.864565375754271,0
2014-05-11,7.776709930674143,0
2014-05-12,8.700816404021912,0
2014-05-13,8.810541679369567,0
2014-05-14,8.788439737519738,0
2014-05-15,8.649161538120687,0
2014-05-16,8.897562060154367,0
2014-05-17,8.713180773583105,0
2014-05-18,7.859632435283042,0
2014-05-19,8.824360929172347,0
2014-05-20,8.795928104745789,0
2014-05-21,8.824221757739398,0
2014-05-22,8.649518682934202,0
2014-05-23,8.752985797068163,0
2014-05-24,8.700766797402709,0
2014-05-25,7.7818155248774845,0
2014-05-26,8.710651503860928,0
2014-05-27,8.514255881542239,0
2014-05-28,8.844468696014484,0
2014-05-29,8.565603092818757,0
2014-05-30,9.013868473659388,0
2014-05-31,8.706593963829013,0
2014-06-01,7.9387020291526955,0
2014-06-02,8.87092350404046,0
2014-06-03,8.802885232067577,0
2014-06-04,8.919188286654103,0
2014-06-05,8.705777761036382,0
2014-06-06,8.968800915043738,0
2014-06-07,8.70100480435827,0
2014-06-08,7.703235194293977,0
2014-06-09,8.737070614736627,0
2014-06-10,8.680509284794441,0
2014-06-11,8.897691609378208,0
2014-06-12,8.610052373614808,0
2014-06-13,8.889768415250986,0
2014-06-14,8.87999558413871,0
2014-06-15,7.471002750080176,0
2014-06-16,8.774975745089186,0
2014-06-17,8.667611715406013,0
2014-06-18,8.789362764797504,0
2014-06-19,8.62985987193213,0
2014-06-20,9.012346219153681,0
2014-06-21,8.805781652973279,0
2014-06-22,7.804059198599104,0
2014-06-23,8.751666873854912,0
2014-06-24,8.641305308117959,0
2014-06-25,8.849683511003722,0
2014-06-26,8.701685058049753,0
2014-06-27,8.999787659827398,0
2014-06-28,8.713742219373868,0
2014-06-29,7.790600080955451,0
2014-06-30,8.694733167987671,0
2014-07-01,9.174731119560974,8
2014-07-02,9.6032838101706,193
2014-07-03,9.168924346908879,11
2014-07-04,9.37780384206047,156
2014-07-05,9.032349663505547,8
2014-07-06,8.39623002861147,7
2014-07-07,9.227133083232117,8
2014-07-08,9.116205828640414,10
2014-07-09,9.40499728447617,192
2014-07-10,9.122197445826206,10
2014-07-11,9.285596441956157,164
2014-07-12,9.13879195214113,17
2014-07-13,8.411879339114105,5
2014-07-14,9.208465916281268,6
2014-07-15,9.129821617677097,8
2014-07-16,9.390251110080653,181
2014-07-17,9.072131887360467,12
2014-07-18,9.288426058239612,156
2014-07-19,9.181329393651712,11
2014-07-20,8.241139249708704,6
2014-07-21,9.222220918466961,9
2014-07-22,9.177860671163723,14
2014-07-23,9.3227329057479,189
2014-07-24,9.061486240638757,9
2014-07-25,9.210513357013408,155
2014-07-26,9.081764114367465,22
2014-07-27,8.237957481139668,6
2014-07-28,9.107168237841634,6
2014-07-29,9.132384992649648,7
2014-07-30,9.303041605073158,186
2014-07-31,9.138474699373372,12
2014-08-01,8.962864296357033,160
2014-08-02,8.70923237872341,13
2014-08-03,7.764177952773327,4
2014-08-04,8.838554400811377,8
2014-08-05,8.705349360374635,9
2014-08-06,8.749722795596853,15
2014-08-07,8.558168518180503,6
2014-08-08,8.943024036218578,166
2014-08-09,8.642518027003167,16
2014-08-10,7.749884375724277,11
2014-08-11,8.70293522503722,7
2014-08-12,8.563585053385255,7
2014-08-13,8.87879613280474,11
2014-08-14,8.670929385527586,11
2014-08-15,8.84117720230889,162
2014-08-16,8.662678380378383,8
2014-08-17,7.819772492370131,11
2014-08-18,8.67246518502187,12
2014-08-19,8.564706159365318,7
2014-08-20,8.836619252577758,14
2014-08-21,8.705375208782343,13
2014-08-22,8.842983146516595,166
2014-08-23,8.648382668721558,13
2014-08-24,7.740940885431282,10
2014-08-25,8.62711787539323,14
2014-08-26,8.620318931822974,14
2014-08-27,8.795237418686117,16
2014-08-28,8.489142421522113,7
2014-08-29,8.937391760146927,161
2014-08-30,8.784656740098889,11
2014-08-31,7.977087733160247,3
2014-09-01,9.30292793974277,11
2014-09-02,9.282848178833737,12
2014-09-03,9.445243942402211,193
2014-09-04,9.08801091745211,12
2014-09-05,9.351771705359845,178
2014-09-06,9.229414891128695,10
2014-09-07,8.473976247960561,8
2014-09-08,9.291085263737681,13
2014-09-09,9.232415708828032,12
2014-09-10,9.403865681682364,195
2014-09-11,9.188579205585818,10
2014-09-12,9.222496782496679,159
2014-09-13,9.167167073639751,19
2014-09-14,8.523855151301108,5
2014-09-15,9.146409559479638,14
2014-09-16,9.187164473593084,14
2014-09-17,9.393844728569913,190
2014-09-18,9.051132542965327,17
2014-09-19,9.21903536076166,157
2014-09-20,9.281888642222128,26
2014-09-21,8.478368991849052,7
2014-09-22,9.098385941947681,9
2014-09-23,9.12921024719558,9
2014-09-24,9.439639896347213,187
2014-09-25,9.14022215334502,8
2014-09-26,9.198183373818582,153
2014-09-27,9.285448029064085,9
2014-09-28,8.466555050789639,11
2014-09-29,9.210181959429578,12
2014-09-30,9.141400499084781,13
2014-10-01,9.553518786124263,196
2014-10-02,9.251150014420151,11
2014-10-03,9.472674791152153,174
2014-10-04,9.391301420364814,19
2014-10-05,8.516709474444044,13
2014-10-06,9.20895511294778,21
2014-10-07,9.12158369101106,20
2014-10-08,9.445969098116219,189
2014-10-09,9.120995583789817,10
2014-10-10,8.604559172193179,137
2014-10-11,9.06024953980346,13
2014-10-12,8.333768786709022,3
2014-10-13,9.206306547032884,9
2014-10-14,9.262156811399503,18
2014-10-15,9.410117563837398,192
2014-10-16,9.147282034825594,11
2014-10-17,9.257280921901407,164
2014-10-18,9.311533395690393,11
2014-10-19,8.601889791375491,7
2014-10-20,9.193700900623213,10
2014-10-21,9.078996413743095,10
2014-10-22,9.443662741305708,201
2014-10-23,9.057745796989535,25
2014-10-24,9.232048633769576,168
2014-10-25,9.17704487850667,17
2014-10-26,8.549098752427222,14
2014-10-27,9.223705459766267,11
2014-10-28,9.037796774744676,16
2014-10-29,9.411411058522143,202
2014-10-30,9.133080746268117,5
2014-10-31,9.317631223336667,154
2014-11-01,8.978407558008179,13
2014-11-02,8.084271374119993,18
2014-11-03,8.405841430481898,6
2014-11-04,9.248457399369267,9
2014-11-05,9.596879780174929,200
2014-11-06,9.178854142439466,5
2014-11-07,9.272696951722516,168
2014-11-08,9.217316283627161,14
2014-11-09,8.466313705713851,16
2014-11-10,9.125960547594527,10
2014-11-11,9.181747257308265,8
2014-11-12,9.408114175495715,199
2014-11-13,9.133842948324858,7
2014-11-14,9.191195981994282,162
2014-11-15,9.256488095591727,19
2014-11-16,8.59808649107997,22
2014-11-17,9.230884195009121,11
2014-11-18,9.297088822737074,6
2014-11-19,9.440196940485823,197
2014-11-20,9.14278375429705,19
2014-11-21,9.229876786978268,172
2014-11-22,9.211278431860402,12
2014-11-23,8.522984189174322,8
2014-11-24,9.164039122886335,13
2014-11-25,9.135188500764768,16
2014-11-26,9.477878766133504,204
2014-11-27,9.03698398896709,12
2014-11-28,9.220833822639815,165
2014-11-29,9.179301512401945,12
2014-11-30,8.490662750643756,6
2014-12-01,9.306618447218558,13
2014-12-02,9.20902781084458,22
2014-12-03,9.517808159816433,195
2014-12-04,9.288972423603708,16
2014-12-05,9.30545471078673,165
2014-12-06,9.087866928535162,19
2014-12-07,8.450031499439085,20
2014-12-08,9.27684283831025,5
2014-12-09,9.293097739316984,17
2014-12-10,9.657825911392273,204
2014-12-11,9.370503398512612,14
2014-12-12,9.27087426026469,162
2014-12-13,9.276548810057253,17
2014-12-14,8.519059848128059,30
2014-12-15,9.370010988880239,15
2014-12-16,9.41635713346418,11
2014-12-17,9.546538856845089,207
2014-12-18,9.390771478494498,13
2014-12-19,9.479171985675405,170
2014-12-20,9.438561729384178,21
2014-12-21,8.944181941886955,24
2014-12-22,9.528380053751754,15
2014-12-23,9.512257838695026,42
2014-12-24,9.459938962382187,210
2014-12-26,9.18015669354017,151
2014-12-27,8.787099557978037,28
2014-12-28,7.944485071708428,6
2014-12-29,9.167598306131529,37
2014-12-30,9.309265374067225,21
2014-12-31,9.283403827383598,207
2015-01-01,0.0,0
2015-01-02,8.476121790796867,145
2015-01-03,8.57015919604366,20
2015-01-04,8.018344555986328,30
2015-01-05,9.047340856427194,29
2015-01-06,8.843934522257412,29
2015-01-07,9.029155728651117,23
2015-01-08,8.748763537353842,14
2015-01-09,8.938993746621401,171
2015-01-10,8.906008863690738,9
2015-01-11,7.983208453649649,8
2015-01-12,8.898571733250856,23
2015-01-13,8.890379157925999,16
2015-01-14,8.916883658331663,42
2015-01-15,8.617328620051323,7
2015-01-16,8.939054477860958,172
2015-01-17,8.925649953129536,9
2015-01-18,7.97811691607307,3
2015-01-19,8.880023134425638,13
2015-01-20,8.739603353866565,10
2015-01-21,8.922237544352692,9
2015-01-22,8.784559539960282,7
2015-01-23,8.895538801094114,166
2015-01-24,8.785473307292603,6
2015-01-25,7.867588524637876,7
2015-01-26,8.764971753661875,7
2015-01-27,8.697939174311923,15
2015-01-28,8.920987841085262,8
2015-01-29,8.820865784309092,14
2015-01-30,9.063876804018026,163
2015-01-31,8.892207476884266,6
2015-02-01,8.086552419067036,9
2015-02-02,8.976767246239948,20
2015-02-03,8.876767508108644,12
2015-02-04,8.901991675090166,24
2015-02-05,8.688648083628145,13
2015-02-06,8.925359581109241,183
2015-02-07,8.819122929127047,24
2015-02-08,8.018390995676517,8
2015-02-09,8.788646636159777,11
2015-02-10,8.829288276398326,17
2015-02-11,8.812749381475394,20
2015-02-12,8.708974529720798,9
2015-02-13,8.899041742941382,164
2015-02-14,8.598017316780354,11
2015-02-15,7.564104130047004,7
2015-02-16,7.627798496467641,5
2015-02-17,7.528096255105599,18
2015-02-18,8.871278124169827,14
2015-02-19,8.59590935808472,5
2015-02-20,8.981094111958072,169
2015-02-21,8.883943111904888,9
2015-02-22,7.98380663973814,2
2015-02-23,8.82033804646993,6
2015-02-24,8.725537370417074,8
2015-02-25,8.874589692170227,14
2015-02-26,8.659722084684475,8
2015-02-27,8.95143517802026,162
2015-02-28,8.848193340581554,8
2015-03-01,8.109415010215924,10
2015-03-02,8.847121204096208,9
2015-03-03,8.864231410922168,15
2015-03-04,8.928175982409382,17
2015-03-05,8.788055247163369,14
2015-03-06,8.887605464686862,161
2015-03-07,8.965689563937739,8
2015-03-08,7.965606333436824,10
2015-03-09,8.996396870124437,11
2015-03-10,8.829760833450749,11
2015-03-11,8.958782299730782,13
2015-03-12,8.659936424455195,10
2015-03-13,9.029788288740102,169
2015-03-14,8.925195607966439,14
2015-03-15,7.979061801395916,9
2015-03-16,8.832645621679292,10
2015-03-17,8.735511680818883,13
2015-03-18,8.765883626034983,15
2015-03-19,8.787180175227741,15
2015-03-20,9.017490306840664,159
2015-03-21,8.87975636565142,9
2015-03-22,7.999874868958246,12
2015-03-23,8.778397090612575,10
2015-03-24,8.816366090716015,20
2015-03-25,8.860805023221076,14
2015-03-26,8.649132792813049,6
2015-03-27,8.919062245197873,163
2015-03-28,8.826179410378623,8
2015-03-29,7.931825034524479,17
2015-03-30,8.675798392259528,19
2015-03-31,8.822041625148918,14
2015-04-01,9.0136948756307,24
2015-04-02,8.858373186276339,11
2015-04-03,7.911758675219772,122
2015-04-04,8.608948149812802,13
2015-04-05,7.880108713512819,10
2015-04-06,8.907842823689434,11
2015-04-07,8.86563705274721,12
2015-04-08,8.97799599508454,14
2015-04-09,8.734368889827973,13
2015-04-10,8.982687669703925,177
2015-04-11,8.861523897792262,14
2015-04-12,7.891776798784068,12
2015-04-13,8.806842577437031,16
2015-04-14,8.665879540372186,7
2015-04-15,8.845083854294444,16
2015-04-16,8.769770487987644,20
2015-04-17,8.848273636992863,168
2015-04-18,8.882560625953715,19
2015-04-19,8.080649096170763,19
2015-04-20,8.847437503283368,20
2015-04-21,8.884103455436433,20
2015-04-22,9.185631711757049,23
2015-04-23,8.765406259893123,24
2015-04-24,8.953061276741552,187
2015-04-25,8.828148482277832,26
2015-04-26,7.958114559186853,38
2015-04-27,8.804194084918308,18
2015-04-28,8.649285976490962,26
2015-04-29,8.852040680277927,28
2015-04-30,8.823966608851133,29
2015-05-01,7.904112595167856,135
2015-05-02,8.886353033654874,15
2015-05-03,7.913436887922149,16
2015-05-04,8.894540404011307,21
2015-05-05,8.888169540993758,26
2015-05-06,9.03555296184753,38
2015-05-07,8.811709010540795,15
2015-05-08,9.076753089789868,174
2015-05-09,9.032440462874215,20
2015-05-10,7.776126387656091,13
2015-05-11,8.894437547028227,32
2015-05-12,8.886278642777672,18
2015-05-13,9.003867342149432,21
2015-05-14,8.715657254053957,17
2015-05-15,8.931005762312205,179
2015-05-16,8.894303954848535,29
2015-05-17,8.01191249939579,10
2015-05-18,8.857560831093782,14
2015-05-19,8.924344743344951,10
2015-05-20,9.033218274535603,25
2015-05-21,8.821165406075275,19
2015-05-22,9.022096912880068,173
2015-05-23,8.857891201153935,13
2015-05-24,8.106491596812802,34
2015-05-25,8.962022079366234,18
2015-05-26,8.9744486576553,12
2015-05-27,9.071216456018874,45
2015-05-28,8.904115981704487,13
2015-05-29,9.082584838800452,179
2015-05-30,9.08290169529132,17
2015-05-31,8.257255460533418,20
2015-06-01,9.289119204002962,24
2015-06-02,9.325543816680206,10
2015-06-03,9.630745651445961,213
2015-06-04,9.16757023105041,16
2015-06-05,9.392994373504262,177
2015-06-06,9.300261054496069,29
2015-06-07,8.270629261628521,18
2015-06-08,9.322922615907983,13
2015-06-09,9.136876161794019,22
2015-06-10,9.414581433181151,215
2015-06-11,9.137012091168765,17
2015-06-12,9.29629529111068,184
2015-06-13,9.273645539095279,46
2015-06-14,8.535936630421475,6
2015-06-15,9.246654171840335,22
2015-06-16,9.285746408422655,36
2015-06-17,9.520313077011703,229
2015-06-18,9.159335246590272,44
2015-06-19,9.392353797969385,182
2015-06-20,9.38377446853482,47
2015-06-21,8.310766629848619,32
2015-06-22,9.298934778646226,29
2015-06-23,9.22371355106627,31
2015-06-24,9.404669959670079,251
2015-06-25,9.13373196854807,17
2015-06-26,9.276622372370129,165
2015-06-27,9.27468015649194,20
2015-06-28,8.586956912389034,7
2015-06-29,9.263093719966536,11
2015-06-30,9.271257656844961,20
2015-07-01,9.548102347954483,210
2015-07-02,9.296259777982451,9
2015-07-03,9.593841631029983,179
2015-07-04,9.273826964655965,15
2015-07-05,8.218811144532072,34
2015-07-06,8.912009414475055,10
2015-07-07,0.0,0
2015-07-08,9.509751019999069,210
2015-07-09,9.38819170217866,19
2015-07-10,9.379119306691399,169
2015-07-11,9.289975704375987,14
2015-07-12,8.337732977074737,12
2015-07-13,9.277886118749738,18
2015-07-14,9.287304376070885,17
2015-07-15,9.487691387357767,215
2015-07-16,9.20231303897689,19
2015-07-17,9.4823988050156,180
2015-07-18,9.128014944211813,19
2015-07-19,8.243090763211764,11
2015-07-20,9.306821863708597,31
2015-07-21,9.116648292341395,31
2015-07-22,9.388361779700771,227
2015-07-23,9.122869980128076,22
2015-07-24,9.298478896463006,185
2015-07-25,9.140566624256158,35
2015-07-26,8.370341012615723,27
2015-07-27,9.238562166743769,28
2015-07-28,9.23359956747106,27
2015-07-29,9.377296482609282,224
2015-07-30,9.09275364205057,26
2015-07-31,9.32385680751415,194
2015-08-01,9.281117331032036,19
2015-08-02,8.378967139187726,38
2015-08-03,9.326650056116408,22
2015-08-04,9.330148466926323,26
2015-08-05,9.517285807229532,221
2015-08-06,9.170158066561218,18
2015-08-07,9.334804417854057,183
2015-08-08,8.961889011345646,17
2015-08-09,8.13649718092461,18
2015-08-10,8.10107999307744,12
2015-08-11,9.286382194556651,34
2015-08-12,9.467846856513237,219
2015-08-13,9.080343867124851,24
2015-08-14,9.542510510687636,182
2015-08-15,9.423394717994615,25
2015-08-16,8.27565830146935,14
2015-08-17,9.256017696282818,18
2015-08-18,9.200839685038037,21
2015-08-19,9.350617399063736,214
2015-08-20,9.148441670539897,26
2015-08-21,9.313649294555395,188
2015-08-22,9.206864538359273,34
2015-08-23,8.233315342521426,18
2015-08-24,9.220542356310473,19
2015-08-25,9.188312325863421,26
2015-08-26,9.42819822014159,226
2015-08-27,9.15169930661029,21
2015-08-28,9.290662517526396,181
2015-08-29,9.253634793512258,32
2015-08-30,8.34630047590044,20
2015-08-31,9.242152555775517,23
2015-09-01,9.289583252180682,23
2015-09-02,9.559457615307794,213
2015-09-03,9.352177550862091,10
2015-09-04,9.40715744594965,182
2015-09-05,9.312852644878928,33
2015-09-06,8.43964388669501,13
2015-09-07,9.257394077087145,21
2015-09-08,9.23132837447671,25
2015-09-09,9.475885341863552,215
2015-09-10,9.098576956994163,23
2015-09-11,9.349056811481896,192
2015-09-12,9.321500815487797,22
2015-09-13,8.42973960757666,14
2015-09-14,9.30882541746565,21
2015-09-15,9.168007236778598,20
2015-09-16,9.475783123804431,218
2015-09-17,9.16091964009071,27
2015-09-18,9.375618680882448,189
2015-09-19,9.360570462039755,21
2015-09-20,8.47550352849727,21
2015-09-21,9.233675085477772,23
2015-09-22,9.255348058062465,28
2015-09-23,9.413143083657534,219
2015-09-24,9.193228800538993,24
2015-09-25,9.34910303262693,187
2015-09-26,9.37658996389105,40
2015-09-27,8.608618562385384,21
2015-09-28,9.261732956529302,21
2015-09-29,9.203492881331643,24
2015-09-30,9.541502319651864,231
2015-10-01,9.244758996613262,27
2015-10-02,9.433252936615025,188
2015-10-03,9.512100777847573,24
2015-10-04,8.642344922716896,11
2015-10-05,9.470507842180183,30
2015-10-06,9.271115853471548,23
2015-10-07,9.457816822411143,224
2015-10-08,9.258336697329419,24
2015-10-09,8.578722627294352,147
2015-10-10,9.093007809841366,20
2015-10-11,8.30621583095478,26
2015-10-12,9.296020513264637,24
2015-10-13,9.203897863513886,18
2015-10-14,9.442804910802042,228
2015-10-15,9.161764119506012,19
2015-10-16,9.47560703578942,189
2015-10-17,9.398868128741919,21
2015-10-18,8.730903105568101,17
2015-10-19,9.338110083699826,22
2015-10-20,9.281128687648152,8
2015-10-21,9.382394397951046,211
2015-10-22,9.121186373939873,9
2015-10-23,9.385463667001812,171
2015-10-24,9.291170123234263,9
2015-10-25,8.572168189627059,5
2015-10-26,9.259867407827075,7
2015-10-27,9.221245395480114,5
2015-10-28,9.439961937177017,215
2015-10-29,9.1240017867932,19
2015-10-30,9.290307538335007,194
2015-10-31,9.085990471584118,22
2015-11-01,8.004836396005016,12
2015-11-02,8.018781856997649,12
2015-11-03,8.479553625510569,17
2015-11-04,9.607737219026193,236
2015-11-05,9.29483693112718,33
2015-11-06,9.36664738239352,210
2015-11-07,9.339222737099833,27
2015-11-08,8.680650600404343,20
2015-11-09,9.253852632483566,32
2015-11-10,9.181471754502326,28
2015-11-11,9.485645920246583,236
2015-11-12,9.16188011338192,38
2015-11-13,9.327399945641483,211
2015-11-14,9.279848523550212,36
2015-11-15,8.576267058492675,43
2015-11-16,9.303715590039804,42
2015-11-17,9.209934090455022,36
2015-11-18,9.415155377002764,277
2015-11-19,9.242190042833489,48
2015-11-20,9.39458566054439,207
2015-11-21,9.283684787852133,48
2015-11-22,8.599902309916272,33
2015-11-23,9.331844031297999,36
2015-11-24,9.270830114108527,40
2015-11-25,9.424616322073886,258
2015-11-26,9.209044833128022,33
2015-11-27,9.348806779856643,203
2015-11-28,9.24297076273572,18
2015-11-29,8.476217643648953,24
2015-11-30,9.393826000975112,30
2015-12-01,9.446597562435775,56
2015-12-02,9.527667578185554,259
2015-12-03,9.331236688784074,29
2015-12-04,9.471702134106085,199
2015-12-05,9.313357504054213,25
2015-12-06,8.545980433946204,32
2015-12-07,9.43614174814268,35
2015-12-08,9.279198955380226,31
2015-12-09,9.575372161408737,251
2015-12-10,9.377238767597362,31
2015-12-11,9.37303116491959,197
2015-12-12,9.281002822273784,56
2015-12-13,8.567315039928918,18
2015-12-14,9.373605078313267,27
2015-12-15,9.712453492833394,57
2015-12-16,9.668807586953195,284
2015-12-17,9.410769817703594,41
2015-12-18,9.575155970687678,200
2015-12-19,9.50118578578374,30
2015-12-20,8.852688237885493,53
2015-12-21,9.586501206780898,28
2015-12-22,9.605557886056193,38
2015-12-23,9.698400006021489,249
2015-12-24,9.4760718073096,28
2015-12-26,8.988925700287943,43
2015-12-27,8.065735871217523,22
2015-12-28,9.118337357467125,21
2015-12-29,9.199704410131796,17
2015-12-30,9.571893856460688,253
2015-12-31,9.267512074616723,30
2016-01-01,0.0,0
2016-01-02,9.091351296846476,52
2016-01-03,8.540963818132617,22
2016-01-04,9.590168921817403,21
2016-01-05,9.397741257113413,41
2016-01-06,9.6759376826431,246
2016-01-07,9.264597185798971,14
2016-01-08,9.41793429440944,183
2016-01-09,9.343483151250318,18
2016-01-10,8.50359515576981,33
2016-01-11,9.28893248783457,19
2016-01-12,9.362559624941692,29
2016-01-13,9.45095497182299,256
2016-01-14,9.36599218168685,43
2016-01-15,9.300385262075554,190
2016-01-16,9.38689508410626,34
2016-01-17,8.579718687966182,38
2016-01-18,9.359449105642353,33
2016-01-19,9.22745104784764,52
2016-01-20,9.520760831690104,280
2016-01-21,9.088763977874496,5
2016-01-22,9.403264439646946,178
2016-01-23,9.27455984175353,13
2016-01-24,8.469028471195955,10
2016-01-25,9.299364655135193,7
2016-01-26,9.21203004317746,11
2016-01-27,9.466975486932464,222
2016-01-28,9.14661837072883,61
2016-01-29,9.326740585307661,236
2016-01-30,9.340640650168123,70
2016-01-31,8.541134887993396,52
2016-02-01,9.366427461551346,72
2016-02-02,9.273952808179445,72
2016-02-03,9.59731878257265,299
2016-02-04,9.232260070420443,94
2016-02-05,9.325252800267792,265
2016-02-06,9.234626853325938,108
2016-02-07,7.964616322065481,55
2016-02-08,8.03067181085125,46
2016-02-09,8.341970855654463,62
2016-02-10,9.507008622516384,309
2016-02-11,9.288591414406447,92
2016-02-12,9.438179521692676,257
2016-02-13,9.323366323964079,93
2016-02-14,8.452909357203199,75
2016-02-15,9.304171096107284,92
2016-02-16,9.390775400393975,33
2016-02-17,9.536049392442475,246
2016-02-18,9.165759446518727,39
2016-02-19,9.413198110478891,208
2016-02-20,9.409421368172119,42
2016-02-21,8.587042895344075,23
2016-02-22,9.298584097645492,30
2016-02-23,9.231348253054293,26
2016-02-24,9.46851827044427,255
2016-02-25,9.102333357427451,14
2016-02-26,9.331536243942596,237
2016-02-27,9.319763404426647,75
2016-02-28,8.387628321728204,56
2016-02-29,9.293305942383205,38
2016-03-01,9.345179346842313,43
2016-03-02,9.563020807478285,256
2016-03-03,9.201164300307,47
2016-03-04,9.474666255825106,223
2016-03-05,9.410551780163898,52
2016-03-06,8.580713379854021,35
2016-03-07,9.249490601780186,47
2016-03-08,9.202976525287097,0
2016-03-09,9.480538563260952,262
2016-03-10,9.156850983728246,37
2016-03-11,9.373147165037267,228
2016-03-12,9.325796613857351,49
2016-03-13,8.49213832311669,35
2016-03-14,9.246475849912848,52
2016-03-15,9.251420701509074,46
2016-03-16,9.510565992657865,261
2016-03-17,9.197990424344187,105
2016-03-18,9.333610727384563,236
2016-03-19,9.334612353257672,76
2016-03-20,8.567028713389712,42
2016-03-21,9.236628686366743,75
2016-03-22,9.205843275177472,57
2016-03-23,9.445185432806067,273
2016-03-24,9.429591798630383,61
2016-03-25,8.322118741056387,140
2016-03-26,8.933829930491504,58
2016-03-27,8.36697221351963,33
2016-03-28,9.219423098847066,58
2016-03-29,9.30840856315003,56
2016-03-30,9.4089165208609,275
2016-03-31,9.220129600744196,57
2016-04-01,9.508934194157975,239
2016-04-02,9.39849082262975,58
2016-04-03,8.64746046329015,39
2016-04-04,9.337642140058001,57
2016-04-05,9.262645779004893,54
2016-04-06,9.489275275749815,286
2016-04-07,9.226671391975744,84
2016-04-08,9.338236717503163,271
2016-04-09,9.282726705817943,100
2016-04-10,8.526660436097117,66
2016-04-11,9.243551428745116,102
2016-04-12,9.187756362219485,94
2016-04-13,9.451692340901483,350
2016-04-14,9.151970306735999,30
2016-04-15,9.369567715142585,202
2016-04-16,9.261824239153585,43
2016-04-17,8.954500318484476,33
2016-04-18,9.989201838667006,32
2016-04-19,9.943325575114734,42
2016-04-20,9.829628933906617,311
2016-04-21,9.520672411261613,108
2016-04-22,9.621744012046658,254
2016-04-23,9.367552475146946,89
2016-04-24,8.652123829639882,103
2016-04-25,9.194068296939292,94
2016-04-26,9.250729056631277,103
2016-04-27,9.432918083313142,325
2016-04-28,9.279064058702835,136
2016-04-29,9.400473588073664,306
2016-04-30,9.383632536223079,160
2016-05-01,8.656844866842654,109
2016-05-02,9.347532144728019,87
2016-05-03,9.272061625213695,93
2016-05-04,9.567065764642356,338
2016-05-05,9.302552120231637,113
2016-05-06,9.48121676678851,267
2016-05-07,9.461286776989278,93
2016-05-08,8.352381517941483,63
2016-05-09,9.371611668163093,104
2016-05-10,9.135349440898164,94
2016-05-11,9.475341618011186,282
2016-05-12,9.151500250634996,74
2016-05-13,9.346889418960917,235
2016-05-14,9.32020520793487,77
2016-05-15,8.591773066491973,41
2016-05-16,9.417510301912131,85
2016-05-17,9.295219059733311,74
2016-05-18,9.454367456393431,297
2016-05-19,9.144324279767922,70
2016-05-20,9.400368663785295,271
2016-05-21,9.34327672509981,70
2016-05-22,8.501110759603693,46
2016-05-23,9.215763539981255,77
2016-05-24,9.122905014210314,75
2016-05-25,9.407724829030558,290
2016-05-26,9.26493726347273,133
2016-05-27,8.654250261529176,232
2016-05-28,9.032525882836428,122
2016-05-29,8.395723619276888,89
2016-05-30,9.30389810805668,125
2016-05-31,9.414702083694724,161
2016-06-01,9.57909882543863,363
2016-06-02,9.1805684540271,135
2016-06-03,9.503767160404085,267
2016-06-04,9.347212054615255,118
2016-06-05,8.503166069732695,71
2016-06-06,9.314834432370038,113
2016-06-07,9.238377920610608,101
2016-06-08,9.513222880220958,341
2016-06-09,9.002332693224828,100
2016-06-10,9.400039230273382,286
2016-06-11,9.286343547097692,109
2016-06-12,8.490013754855752,75
2016-06-13,9.264594912543208,112
2016-06-14,9.155365466663135,98
2016-06-15,9.489822289418663,358
2016-06-16,9.193585896341947,100
2016-06-17,9.363121113008502,288
2016-06-18,9.346140476626276,115
2016-06-19,8.469364625602877,83
2016-06-20,9.287885318532282,115
2016-06-21,9.171948027630703,122
2016-06-22,9.477103027784644,352
2016-06-23,9.141637565559149,105
2016-06-24,9.277093844640273,280
2016-06-25,9.292781646939787,120
2016-06-26,8.558287916742065,100
2016-06-27,9.276495273192342,122
2016-06-28,9.292292639893876,105
2016-06-29,9.37307993863179,315
2016-06-30,9.115774605027843,107
2016-07-01,9.497330905369939,273
2016-07-02,9.32277669496062,95
2016-07-03,8.554686644676176,86
2016-07-04,9.376194922100758,117
2016-07-05,9.223450260621046,111
2016-07-06,9.506248319038008,431
2016-07-07,9.167709868088266,139
2016-07-08,9.413852073084575,304
2016-07-09,9.218537682037356,121
2016-07-10,8.402009474601698,99
2016-07-11,9.208843552250258,156
2016-07-12,9.114572037234911,138
2016-07-13,9.484076804445854,322
2016-07-14,9.128111467982658,69
2016-07-15,9.39901818490511,255
2016-07-16,9.359980322313767,78
2016-07-17,8.479749234895644,49
2016-07-18,9.279216036594677,66
2016-07-19,9.203242239734672,69
2016-07-20,9.405524598884304,295
2016-07-21,9.173506560010427,80
2016-07-22,9.349463153783912,254
2016-07-23,9.212119490406009,67
2016-07-24,8.458299296876934,55
2016-07-25,9.152420647000675,74
2016-07-26,9.16487699999195,76
2016-07-27,9.45536579952795,0
2016-07-28,9.163641978528151,76
2016-07-29,9.185957716139253,245
2016-07-30,9.355988262470625,89
2016-07-31,8.369388301076073,54
2016-08-01,9.404732699669434,77
2016-08-02,9.158521676431718,77
2016-08-03,9.541525585460496,299
2016-08-04,9.15074046246272,75
2016-08-05,9.415167191504494,267
2016-08-06,9.252953687107237,70
2016-08-07,8.335858827187318,58
2016-08-08,9.287768711318902,81
2016-08-09,9.227754855710508,98
2016-08-10,9.380728339225604,302
2016-08-11,9.255969927632876,77
2016-08-12,8.568092558224507,190
2016-08-13,8.897501982773205,73
2016-08-14,8.174461726633167,48
2016-08-15,9.385045328977036,114
2016-08-16,9.204323406289847,99
2016-08-17,9.433415200929065,322
2016-08-18,9.100389000558787,88
2016-08-19,9.284592655516516,259
2016-08-20,9.220165249415846,100
2016-08-21,8.3350509785392,66
2016-08-22,9.234554527685289,99
2016-08-23,9.209796223954498,111
2016-08-24,9.460225557153363,318
2016-08-25,9.070221732142048,67
2016-08-26,9.287865605777545,255
2016-08-27,9.184663627787128,74
2016-08-28,8.433033671287067,53
2016-08-29,9.18109825858343,74
2016-08-30,9.139951490806704,80
2016-08-31,9.453602030229401,299
2016-09-01,9.323926077464955,74
2016-09-02,9.391119155974623,227
2016-09-03,9.297805578469623,56
2016-09-04,8.525719538588685,31
2016-09-05,9.29486615409938,55
2016-09-06,9.31659471804856,56
2016-09-07,9.424257894067457,272
2016-09-08,9.1783241798238,52
2016-09-09,9.381067303472168,232
2016-09-10,9.28882146095771,53
2016-09-11,8.387898980900447,30
2016-09-12,9.350202309351674,53
2016-09-13,9.200871584162552,0
2016-09-14,9.399229647345853,269
2016-09-15,9.118567787496401,128
2016-09-16,9.3829025438523,321
2016-09-17,9.334721679965103,154
2016-09-18,8.559747572104671,104
2016-09-19,9.295129673650738,141
2016-09-20,9.23087106749969,148
2016-09-21,9.422603990891563,363
2016-09-22,9.15204769156965,134
2016-09-23,9.288828209927601,320
2016-09-24,9.26962310562798,151
2016-09-25,8.486801404132963,106
2016-09-26,9.162073126061166,145
2016-09-27,9.111892023266616,154
2016-09-28,9.459976748671277,354
2016-09-29,9.024369403693337,138
2016-09-30,9.289355320824969,315
2016-10-01,9.50837229942113,140
2016-10-02,8.697105515003829,106
2016-10-03,9.421681912736025,140
2016-10-04,9.325499791181057,152
2016-10-05,9.593206707214165,387
2016-10-06,9.247093427580815,142
2016-10-07,9.342946599267208,336
2016-10-08,9.34929468395787,157
2016-10-09,8.668869612273475,136
2016-10-10,9.307379964574663,164
2016-10-11,9.163099277378713,166
2016-10-12,9.521025094714163,337
2016-10-13,9.09348515576219,151
2016-10-14,9.407581411066557,324
2016-10-15,9.32868502767228,165
2016-10-16,8.737608545061237,133
2016-10-17,9.352246622374388,163
2016-10-18,9.213458505540968,151
2016-10-19,9.540451850370005,350
2016-10-20,9.210046031062145,149
2016-10-21,9.381293300107965,331
2016-10-22,9.357840384462017,163
2016-10-23,8.608020247932894,127
2016-10-24,9.18004084267007,152
2016-10-25,9.291342403597474,150
2016-10-26,9.414609884249058,477
2016-10-27,9.251568396055278,214
2016-10-28,9.409490530189089,381
2016-10-29,9.2892828747385,230
2016-10-30,8.580753734676803,185
2016-10-31,9.067807213325736,227
2016-11-01,9.513832996336957,215
2016-11-02,8.475680333304679,387
2016-11-03,8.3093349714294,150
2016-11-04,8.965220089163054,379
2016-11-05,8.9567544947358,205
2016-11-06,8.51781779630998,186
2016-11-07,9.381223087301178,218
2016-11-08,9.391330459090995,225
2016-11-09,9.806406225175564,491
2016-11-10,9.237291505358032,239
2016-11-11,9.341615007539,394
2016-11-12,9.333804926085783,234
2016-11-13,8.675765795253815,188
2016-11-14,9.363444904782417,240
2016-11-15,9.30159241959842,226
2016-11-16,9.57838083373035,546
2016-11-17,9.235626076945175,219
2016-11-18,9.42584731850751,375
2016-11-19,9.389841287833365,231
2016-11-20,8.634060964258481,170
2016-11-21,9.438952543094562,236
2016-11-22,9.243991660405296,219
2016-11-23,9.550072503646764,479
2016-11-24,9.167355832559112,226
2016-11-25,9.402708129615089,406
2016-11-26,9.282972891899684,228
2016-11-27,8.491276640118375,187
2016-11-28,9.391293492888703,234
2016-11-29,9.253293821331818,207
2016-11-30,9.571383889785599,460
2016-12-01,9.343308680310997,251
2016-12-02,9.660452916263475,434
2016-12-03,9.334617477220567,240
2016-12-04,8.702314825000313,197
2016-12-05,9.297624886660316,239
2016-12-06,8.452158760669153,193
2016-12-07,9.670765460621189,598
2016-12-08,9.337819096606296,268
2016-12-09,9.571644793328655,436
2016-12-10,9.355652016660965,265
2016-12-11,8.631883271568887,211
2016-12-12,9.359700969081846,264
2016-12-13,9.567287418961524,263
2016-12-14,9.626346923324872,487
2016-12-15,9.399410440421597,273
2016-12-16,9.543074055336414,442
2016-12-17,9.480493455456152,275
2016-12-18,8.978875796641013,251
2016-12-19,9.597205501316427,276
2016-12-20,9.594607788137834,301
2016-12-21,9.79407299590336,507
2016-12-22,9.6765682570628,284
2016-12-23,9.828513007170121,477
2016-12-24,9.469978462266925,249
2016-12-26,8.220605716649924,189
2016-12-27,9.405810358072278,259
2016-12-28,9.404748425240923,502
2016-12-29,9.234576003483676,258
2016-12-30,9.516767232998232,424
2016-12-31,9.281922156001844,252
2017-01-01,0.0,0
2017-01-02,8.634980831506464,128
2017-01-03,9.611351643127692,197
2017-01-04,9.702461227178494,479
2017-01-05,9.4564334373913,152
2017-01-06,9.500456579515973,358
2017-01-07,9.373729163034668,156
2017-01-08,8.723395161136997,134
2017-01-09,9.568950811284727,166
2017-01-10,9.3977560980954,168
2017-01-11,9.557589966534856,381
2017-01-12,9.290282797698575,159
2017-01-13,9.508290497079443,371
2017-01-14,9.420558265739363,185
2017-01-15,8.697355750417499,150
2017-01-16,9.375768959311024,169
2017-01-17,9.46834723366121,188
2017-01-18,9.56643571838071,418
2017-01-19,9.259787462798235,158
2017-01-20,9.284298947256461,323
2017-01-21,9.49342396259839,175
2017-01-22,8.565272626887378,119
2017-01-23,9.470760594479557,167
2017-01-24,9.335425747200475,173
2017-01-25,9.528190721096406,425
2017-01-26,9.2503392438239,111
2017-01-27,9.416957633334645,303
2017-01-28,9.380757518279665,121
2017-01-29,8.56404185304112,97
2017-01-30,9.29577246922646,131
2017-01-31,9.222866195280744,123
2017-02-01,9.613307696485185,385
2017-02-02,9.33631580214147,104
2017-02-03,9.430467297045226,296
2017-02-04,9.44972177293744,133
2017-02-05,8.569284377403608,119
2017-02-06,9.292796933190486,120
2017-02-07,9.342240622511463,137
2017-02-08,9.524218195032823,418
2017-02-09,9.261836396762538,117
2017-02-10,9.461456847332368,282
2017-02-11,9.44057694820734,120
2017-02-12,8.611792937103814,101
2017-02-13,9.439890397143117,129
2017-02-14,9.293455769484115,112
2017-02-15,9.479206224472062,384
2017-02-16,9.240628616847616,128
2017-02-17,9.437349007420087,304
2017-02-18,9.501571713314659,132
2017-02-19,8.46850324170017,103
2017-02-20,9.306374380662257,134
2017-02-21,9.312609464104558,142
2017-02-22,9.47045349066914,367
2017-02-23,9.249149269191074,140
2017-02-24,9.418268188898107,306
2017-02-25,9.26077917639114,137
2017-02-26,8.153644965931534,103
2017-02-27,7.990252074512802,93
2017-02-28,8.62240995674248,109
2017-03-01,9.73035145990195,410
2017-03-02,9.455862445804312,155
2017-03-03,9.489495720016114,330
2017-03-04,9.399929290741657,159
2017-03-05,8.548233226188115,114
2017-03-06,9.289161903548377,131
2017-03-07,9.56812599887817,132
2017-03-08,9.491656675848175,362
2017-03-09,9.269207497358943,100
2017-03-10,9.419861236810076,290
2017-03-11,9.392537754727527,109
2017-03-12,8.682398938185631,85
2017-03-13,9.33734282236671,109
2017-03-14,9.270836609081066,100
2017-03-15,9.574950500297861,341
2017-03-16,9.272694415128138,114
2017-03-17,9.627939826877752,309
2017-03-18,9.367411896608672,118
2017-03-19,8.63624084932294,90
2017-03-20,9.388880120071056,110
2017-03-21,9.420434995139209,119
2017-03-22,9.555598895878013,348
2017-03-23,9.281929882609157,95
2017-03-24,9.510892123695172,282
2017-03-25,9.36461124458,114
2017-03-26,8.576920827531843,81
2017-03-27,9.376907984484802,113
2017-03-28,9.283623916811646,107
2017-03-29,9.5729247706418,342
2017-03-30,9.236632485170967,90
2017-03-31,9.497125465387517,279
2017-04-01,9.622141100919379,85
2017-04-02,8.61661887327603,53
2017-04-03,9.320751145387298,78
2017-04-04,9.3083387535082,76
2017-04-05,9.651183563372742,320
2017-04-06,9.25799341377172,92
2017-04-07,9.47389446677628,261
2017-04-08,9.434313019495127,92
2017-04-09,8.634468720535184,64
2017-04-10,9.23233950675124,74
2017-04-11,9.255733248082457,105
2017-04-12,9.549316896962344,380
2017-04-13,9.341006814459968,154
2017-04-14,8.34138708291591,201
2017-04-15,9.015647120392048,116
2017-04-16,8.454555369471649,128
2017-04-17,9.46956502054205,155
2017-04-18,9.250662400574303,142
2017-04-19,9.503063268101572,427
2017-04-20,9.215318460706227,171
2017-04-21,9.495295527517335,369
2017-04-22,9.392368719121723,190
2017-04-23,8.47675862142074,137
2017-04-24,9.322522507388845,193
2017-04-25,9.245086957476856,183
2017-04-26,9.536065782054306,411
2017-04-27,9.186198999924825,198
2017-04-28,9.409233855714529,395
2017-04-29,9.263219687966277,205
2017-04-30,8.328983533729343,148
2017-05-01,8.302047075195983,122
2017-05-02,9.60562126321531,183
2017-05-03,9.633622608169096,424
2017-05-04,9.319234955453293,155
2017-05-05,9.44952379369936,329
2017-05-06,9.387523415863491,155
2017-05-07,8.479187643650349,116
2017-05-08,9.380514108538144,134
2017-05-09,9.291370530421235,145
2017-05-10,9.491883011619803,421
2017-05-11,9.109434364692415,150
2017-05-12,9.493321939343028,321
2017-05-13,9.41796281112369,173
2017-05-14,8.314499117949195,107
2017-05-15,9.322531446431409,168
2017-05-16,9.32431679236823,175
2017-05-17,9.517485013911038,372
2017-05-18,9.244699577512359,156
2017-05-19,9.50930779216524,335
2017-05-20,9.28274586716664,172
2017-05-21,8.494250404936803,137
2017-05-22,9.363818245520045,169
2017-05-23,9.328545807298154,176
2017-05-24,9.56215481278416,380
2017-05-25,9.267481191216902,163
2017-05-26,8.690743895825406,246
2017-05-27,9.132245740569317,169
2017-05-28,8.491378234232736,125
2017-05-29,9.367828960497034,169
2017-05-30,9.185725803840263,169
2017-05-31,9.55147202094235,376
2017-06-01,9.33208452979702,19
2017-06-02,9.482130384182621,271
2017-06-03,9.44577819802884,149
2017-06-04,8.539518907554891,111
2017-06-05,9.396822593189137,137
2017-06-06,9.455366268825548,148
2017-06-07,9.596074160285728,385
2017-06-08,9.247062003486146,192
2017-06-09,9.507285534234597,331
2017-06-10,9.345811382325477,203
2017-06-11,8.670226332400942,155
2017-06-12,9.287249653439469,190
2017-06-13,9.287578136024697,183
2017-06-14,9.608615024139054,436
2017-06-15,9.344381896961064,202
2017-06-16,9.430080139384929,299
2017-06-17,9.426688244884634,185
2017-06-18,8.508885175225766,130
2017-06-19,9.385036176489441,177
2017-06-20,9.540495052224292,181
2017-06-21,9.523979038198913,477
2017-06-22,9.21737904231437,183
2017-06-23,9.393893754760878,344
2017-06-24,9.373346922567466,172
2017-06-25,8.519604082880493,138
2017-06-26,9.28021870465997,161
2017-06-27,9.259068534223536,159
2017-06-28,9.503799524917326,392
2017-06-29,9.23489268165139,191
2017-06-30,9.415237831001624,392
2017-07-01,9.37610342361474,187
2017-07-02,8.577214713004285,165
2017-07-03,9.409373099510086,182
2017-07-04,9.301341645399095,205
2017-07-05,9.548553093075167,465
2017-07-06,9.241136370322481,217
2017-07-07,9.392886903461434,374
2017-07-08,9.305306856360366,209
2017-07-09,8.543378154093196,148
2017-07-10,9.360997355949166,197
2017-07-11,9.26430370401858,192
2017-07-12,9.527147876079008,444
2017-07-13,9.237054645972774,165
2017-07-14,9.423536531956104,347
2017-07-15,9.197478410437334,158
2017-07-16,8.440349079443628,131
2017-07-17,9.335978078071992,164
2017-07-18,9.390922667298076,181
2017-07-19,9.472653712070127,399
2017-07-20,9.254350932492573,177
2017-07-21,9.455770521484682,322
2017-07-22,9.316637608773743,163
2017-07-23,8.577278750317305,120
2017-07-24,9.31432653364207,149
2017-07-25,9.242850448899745,156
2017-07-26,9.439882053135346,369
2017-07-27,9.21827302512164,145
2017-07-28,9.338090372010763,291
2017-07-29,9.22682298431286,133
2017-07-30,8.507388479879461,107
2017-07-31,9.361147611588304,143
2017-08-01,9.378469101908914,129
2017-08-02,9.583869734255966,364
2017-08-03,9.112906137965023,95
2017-08-04,9.405158352210607,290
2017-08-05,9.147249229547178,110
2017-08-06,8.391686202233892,83
2017-08-07,9.262850845300813,119
2017-08-08,9.312152910098858,113
2017-08-09,9.440233255220466,338
2017-08-10,9.29059035047533,125
2017-08-11,8.595031999239483,216
2017-08-12,8.92859040308809,103
2017-08-13,8.26970110580993,73
2017-08-14,9.252855077053235,120
2017-08-15,9.192639737779794,115
